channel,n_users,n_verified,n_kyc_approved,n_activated,n_week1,kyc_rate,activation_rate,retention_rate
referral,3053,2792,1714,1121,738,0.5614150016377334,0.3671798231247953,0.6583407671721677
paid_social,2402,2048,722,281,122,0.3005828476269775,0.11698584512905912,0.43416370106761565
organic,2080,1820,874,445,245,0.4201923076923077,0.21394230769230768,0.550561797752809
paid_search,1484,1305,549,276,143,0.36994609164420483,0.18598382749326145,0.5181159420289855
partnership,981,877,465,263,146,0.4740061162079511,0.26809378185524974,0.5551330798479087
