cluster,recency_days,frequency,monetary,avg_txn_value,n_categories,n_failed_txns,txn_rate_per_day,h_reg_to_first_txn,n_tickets,n_users,pct,segment_name
1,178.02165286953348,7.69043321299639,4067.6000368068867,594.0218173090913,4.181407942238267,0.38267148014440433,0.06309906278721432,198.45978644103255,0.427797833935018,1108,46.4,Power Users
0,203.1362476746839,4.553990610328638,1816.2332466914502,453.5904773248679,2.996087636932707,0.24804381846635368,0.030069515365566842,190.3325910518042,0.37871674491392804,1278,53.6,Dormant
